tls_id,timesteps,ep_rew_mean,ep_len_mean,value_loss
A0,1000000,0,0,25911.993811
A1,1000000,0,0,25324.587805
A2,1000000,0,0,27243.288867
